<?xml version="1.0" encoding="UTF-8"?>
<project xmlns="http://maven.apache.org/POM/4.0.0"
         xmlns:xsi="http://www.w3.org/2001/XMLSchema-instance"
         xsi:schemaLocation="http://maven.apache.org/POM/4.0.0 http://maven.apache.org/xsd/maven-4.0.0.xsd">
  <modelVersion>4.0.0</modelVersion>
 
  <groupId>com.example.automation</groupId>
  <artifactId>nexus-script-demo</artifactId>
  <version>1.0-SNAPSHOT</version>
 
  <properties>
    <nx-version>3.20.1-01</nx-version>
  </properties>
  <dependencies>
    <dependency>
      <groupId>org.sonatype.nexus</groupId>
      <artifactId>nexus-core</artifactId>
      <version>${nx-version}</version>
    </dependency>
    <dependency>
      <groupId>org.sonatype.nexus</groupId>
      <artifactId>nexus-script</artifactId>
      <version>${nx-version}</version>
    </dependency>
    <dependency>
      <groupId>org.sonatype.nexus</groupId>
      <artifactId>nexus-security</artifactId>
      <version>${nx-version}</version>
    </dependency>
    <dependency>
      <groupId>org.sonatype.nexus.plugins</groupId>
      <artifactId>nexus-script-plugin</artifactId>
      <version>${nx-version}</version>
    </dependency>
  </dependencies>
  <build>
    <pluginManagement><!-- lock down plugins versions to avoid using Maven defaults (may be moved to parent pom) -->
      <plugins>
        <!-- clean lifecycle, see https://maven.apache.org/ref/current/maven-core/lifecycles.html#clean_Lifecycle -->
        <plugin>
          <artifactId>maven-clean-plugin</artifactId>
          <version>3.1.0</version>
        </plugin>
      </plugins>
     </pluginManagement>
 </build>
</project>